Phone.jpg;3;Phone.jpg
awesome thing;Mobile;Phone
cat.jpg;3;image/cat.jpg
Brown;White;Cat
dog.png;5;image/dog.png
Brown;Big;Dog;Smile;Cute
ice_cream.jpeg;2;image/ice_cream.jpeg
White;Cool;ice
white_dog.jpg;2;image/white_dog.jpg
White;Dog
plane.jpg;3;image/plane.jpg
Plane;Sky;Blue
blue_flower.jpg;2;image/blue_flower.jpg
Blue;Flower
white_flower.jpg;2;image/white_flower.jpg
White;Flower
blue_sky.jpg;2;image/blue_sky.jpg
Blue;Sky
snow.jpg;2;image/snow.jpg
White;Cool
beach.jpg;2;image/beach.jpg
Beach;Blue
tree_and_snow.jpg;2;image/tree_and_snow.jpg
White;Cool
small_white_dog.jpg;2;image/small_white_dog.jpg
White;Dog
white_rose.jpg;2;image/white_rose.jpg
White;Flower
beach_and_sky.jpg;3;image/beach_and_sky.jpg
Beach;Sky;Blue
smile_dog.jpg;3;image/smile_dog.jpg
Dog;Smile;White
white_super_car.jpg;2;image/white_super_car.jpg
White;Super
blue_super_car.jpg;2;image/blue_super_car.jpg
Blue;Super
dog_and_car.jpg;2;image/dog_and_car.jpg
Dog;Super
blue_sky_car.jpg;3;image/blue_sky_car.jpg
Blue;Sky;Super
brown.jpg;1;image/brown.jpg
Brown
pig.jpg;1;image/pig.jpg
Pink,normal
polar_bear.jpg;3;image/polar_bear.jpg
White;Cool;Blue;Wild
beluga_whale.jpg;3;image/beluga_whale.jpg
Big;White;Blue
mountain.jpg;4;image/mountain.jpg
Big;White;Sky;Blue
orca_whale.jpg;2;image/orca_whale.jpg
White;Big;Black;Killer
old_trafford.jpg;2;image/old_trafford.jpg
Football Team;Old Trafford
MUN_logo.png;2;image/MUN_logo.png
Red;Football Team
bacelona_logo.png;3;image/bacelona_logo.png
Football Team;Logo;Bacelona Team
Real_Madrid_Logo.png;2;image/Real_Madrid_Logo.png
Football Team;Logo
ice_cream.jpg;3;image/ice_cream.jpg
ice cream
Brown_ice_cream.jpg;3;image/Brown_ice_cream.jpg
Brown;ice
pink_flower.jpg;2;image/pink_flower.jpg
Pink;Flower
Tulip.jpg;3;image/Tulip.jpg
Flower;White;Pink
moon_at_sea.jpg;3;image/moon_at_sea.jpg
Blue;Sky;White
Thailand_national_football_team_logo.png;4;image/Thailand_national_football_team_logo.png
Football Team;Logo;Thailand;Thai Team
Napas.jpg;3;Napas.jpg
hello world;handsome boy;Napas
